<?xml version="1.0" encoding="UTF-8"?>
<!DOCTYPE mapper PUBLIC "-//mybatis.org//DTD Mapper 3.0//EN"
  "http://mybatis.org/dtd/mybatis-3-mapper.dtd">

<mapper namespace="com.seongim.mvc_board.mapper.BoardMapper">

<insert id="insertBoard" parameterType="BoardVO">
	INSERT INTO BOARD (
		title,
		content,
		writer
	) VALUES (
		#{title},
		#{content},
		#{writer}
	)
</insert>

<select id="getBoardList" resultType="hashmap">
	 	SELECT
	 		id,
	 		title,
	 		content,
	 		writer,
	 		hit,
	 		CAST(DATE_FORMAT(reg_date, '%Y-%m-%d %H:%i:%s') AS CHAR(19) ) AS reg_date,
	 		CAST(DATE_FORMAT(mod_date, '%Y-%m-%d %H:%i:%s') AS CHAR(19) ) AS mod_date,
	 		del_flag
	 	FROM
	 		board
	 	WHERE
	 		del_flag = 'N'
	 	ORDER BY id DESC
	 	LIMIT #{pageStart}, #{perPageNum}
</select>

<select id="getBoardDetail" parameterType="BoardVO" resultType="hashmap">
	<![CDATA[
	 	SELECT
	 		id,
	 		title,
	 		content,
	 		writer,
	 		hit,
	 		CAST(DATE_FORMAT(reg_date, '%Y-%m-%d %H:%i:%s') AS CHAR(19) ) AS reg_date,
	 		CAST(DATE_FORMAT(mod_date, '%Y-%m-%d %H:%i:%s') AS CHAR(19) ) AS mod_date,
	 		del_flag
	 	FROM 
	 		board
	 	WHERE 
	 		del_flag = "N"
	 		AND
	 		id = #{id}
	 ]]>
</select>

<update id="updateBoard" parameterType="BoardVO">
	UPDATE 
 		BOARD
 	SET
 		title = #{title},
 		content = #{content},
 		writer = #{writer}		
 	WHERE 
 		id = #{id}
</update>

<update id="deleteBoard" parameterType="BoardVO">
	UPDATE 
 		BOARD
 	SET
 		del_flag = "Y"		
 	WHERE 
 		id = #{id}
</update>

<update id="updateHit" parameterType="BoardVO">
	UPDATE 
 		board
 	SET
 		hit = hit + 1		
 	WHERE 
 		id = #{id}
</update>

<select id="getBoardCount" resultType="Integer">
	<![CDATA[
		SELECT
			count(*)
		FROM
			BOARD
		WHERE
			del_flag = 'N'
	]]>
</select>

<select id="getBoardId" resultType="Integer">
	<![CDATA[
		SELECT
			count(*)
		FROM
			BOARD
	]]>
</select>

<insert id="uploadFile" parameterType="hashmap">
<![CDATA[
	INSERT INTO BOARD_FILE (
    	board_id,
        org_file_name,
        save_file_name,
        file_size
    ) VALUES (
    	#{board_id},
        #{org_file_name},
        #{save_file_name},
        #{file_size}
    )
]]>
</insert>

<select id="getFileList" resultType="hashmap">
	 	SELECT
	 		*
	 	FROM
	 		BOARD_FILE
	 	WHERE
	 		del_flag = 'N'
	 		AND
	 		board_id = #{id}
</select>

<update id="deleteFile" parameterType="string">
	UPDATE 
 		BOARD_FILE
 	SET
 		del_flag = 'Y'		
 	WHERE 
 		save_file_name = #{saveFileName}
</update>
</mapper>
 
 
