<?xml version="1.0" encoding="UTF-8"?>
<beans xmlns="http://www.springframework.org/schema/beans"
	xmlns:xsi="http://www.w3.org/2001/XMLSchema-instance"
	xsi:schemaLocation="http://www.springframework.org/schema/beans https://www.springframework.org/schema/beans/spring-beans.xsd">
	
	<!-- Root Context: defines shared resources visible to all other web components -->
	
	<!-- MySQL dataSource -->
    <bean id="dataSource" class="org.springframework.jdbc.datasource.DriverManagerDataSource"> 
        <property name="driverClassName" value="com.mysql.jdbc.Driver"/> 
        <property name="url" value="jdbc:mysql://localhost:3306/boardDB?useUnicode=true&amp;characterEncoding=utf8"/> 
        <property name="username" value="root"/> 
        <property name="password" value="1234"/>
    </bean>        
    
    <!-- MyBatis -->
    <bean id="sqlSessionFactory" class="org.mybatis.spring.SqlSessionFactoryBean">
        <property name="configLocation" value="classpath:mybatis-config.xml"></property>
        <property name="dataSource" ref="dataSource"></property>
        <property name="mapperLocations" value="classpath:mapper/**/*.xml"></property>
    </bean> 
       
    <bean id="sqlSession" class="org.mybatis.spring.SqlSessionTemplate" destroy-method="clearCache">
    	<constructor-arg name="sqlSessionFactory" ref="sqlSessionFactory"></constructor-arg>
    </bean>
    
    <!-- MultipartResolver 설정 -->
    <bean id="multipartResolver" class="org.springframework.web.multipart.commons.CommonsMultipartResolver">
        <property name="maxUploadSize" value="100000000" />
        <property name="maxInMemorySize" value="100000000" />
    </bean>
    
    <!-- 파일 업로드 디렉토리 설정 -->
    <bean id="uploadPath" class="java.lang.String">
        <constructor-arg value="C:\Tomcat\webapps\upload"/>
    </bean>

		
</beans>
