<?xml version="1.0" encoding="UTF-8"?>
<!DOCTYPE mapper PUBLIC "-//mybatis.org//DTD Mapper 3.0//EN"
  "http://mybatis.org/dtd/mybatis-3-mapper.dtd">

<mapper namespace="com.seongim.mvc_board.mapper.ReplyMapper">

<insert id="insertReply" parameterType="ReplyVO">
	INSERT INTO BOARD_REPLY (
		board_id,
		reply_content,
		reply_writer
	) VALUES (
		#{board_id},
		#{reply_content},
		#{reply_writer}
	)
</insert>

<select id="getReplyList" resultType="hashmap" parameterType="BoardVO">
	 	SELECT
	 		reply_id,
		 	board_id,
			reply_content,
			reply_writer,
	 		CAST(DATE_FORMAT(reg_date, '%Y-%m-%d %H:%i:%s') AS CHAR(19) ) AS reg_date
	 	FROM 
	 		BOARD_REPLY
	 	WHERE
	 		del_flag = "N"
	 		AND
	 		board_id = #{id}
</select>

<update id="deleteReply" parameterType="ReplyVO">
	UPDATE 
 		BOARD_REPLY
 	SET
 		del_flag = "Y"		
 	WHERE 
 		reply_id = #{reply_id}
</update>

<update id="deleteReplyAll" parameterType="ReplyVO">
	UPDATE 
 		BOARD_REPLY
 	SET
 		del_flag = "Y"		
 	WHERE 
 		board_id = #{board_id}
</update>

</mapper>